charger_pk,유형(대분류),유형(소분류),시군구,타입,용량_kw,경도,위도
286,주차시설,공영주차장,서귀포시,DC차데모+AC3상+DC콤보,50,126.559762,33.2447042
127,주차시설,공영주차장,서귀포시,DC차데모+AC3상+DC콤보,50,126.9353337,33.4626034
241,주차시설,공영주차장,제주시,DC차데모+AC3상+DC콤보,50,126.4748883,33.497247
296,주차시설,공영주차장,서귀포시,DC차데모+AC3상+DC콤보,50,126.8435134,33.32477
306,근린생활시설,도서관,제주시,DC차데모+AC3상+DC콤보,50,126.1844735,33.3498642
103,주차시설,공영주차장,서귀포시,DC차데모+AC3상+DC콤보,50,126.5632305,33.250149
138,주차시설,공영주차장,제주시,DC차데모+AC3상+DC콤보,50,126.8564138,33.5250618
342,공공시설,주민센터,제주시,DC차데모+AC3상+DC콤보,50,126.5653952,33.5204366
285,주차시설,공영주차장,서귀포시,DC차데모+AC3상+DC콤보,50,126.559762,33.2447042
126,주차시설,공영주차장,서귀포시,DC차데모+AC3상+DC콤보,50,126.9353337,33.4626034
174,주차시설,공영주차장,제주시,DC차데모+AC3상+DC콤보,50,126.4325807,33.4899163
284,주차시설,공영주차장,서귀포시,DC차데모+AC3상+DC콤보,50,126.5621745,33.2498541
193,공공시설,주민센터,제주시,DC차데모+AC3상+DC콤보,50,126.526896,33.5068505
301,주차시설,공영주차장,제주시,DC차데모+AC3상+DC콤보,50,126.4138809,33.4858471
298,주차시설,공영주차장,서귀포시,DC차데모+AC3상+DC콤보,50,126.8435134,33.32477
14,주차시설,공영주차장,서귀포시,DC차데모+AC3상+DC콤보,50,126.515675,33.2520853
91,공공시설,주민센터,제주시,DC차데모+AC3상+DC콤보,50,126.345658,33.4497752
189,주차시설,공영주차장,서귀포시,DC차데모+AC3상+DC콤보,50,126.5109284,33.2477614
323,공공시설,지자체시설,제주시,DC차데모+AC3상+DC콤보,50,126.2681695,33.4101151
160,주차시설,일반주차장,서귀포시,DC차데모+AC3상+DC콤보,50,126.3352105,33.2462717
322,주차시설,공영주차장,제주시,DC차데모+AC3상+DC콤보,50,126.2375622,33.3908635
290,주차시설,공영주차장,제주시,DC차데모+AC3상+DC콤보,50,126.5442796,33.4916249
101,주차시설,공영주차장,서귀포시,DC차데모+AC3상+DC콤보,50,126.5628487,33.2436479
21,주차시설,공영주차장,서귀포시,DC차데모+AC3상+DC콤보,50,126.7213532,33.2788008
89,주차시설,공영주차장,제주시,DC차데모+AC3상+DC콤보,50,126.5303837,33.5045996
295,주차시설,공영주차장,서귀포시,DC차데모+AC3상+DC콤보,50,126.8435134,33.32477
321,관광시설,관광지,제주시,DC차데모+AC3상+DC콤보,50,126.4921379,33.4697409
299,주차시설,공영주차장,서귀포시,DC차데모+AC3상+DC콤보,50,126.8435134,33.32477
325,공공시설,지자체시설,제주시,DC차데모+AC3상+DC콤보,50,126.2681695,33.4101151
297,주차시설,공영주차장,서귀포시,DC차데모+AC3상+DC콤보,50,126.8435134,33.32477
124,주차시설,공영주차장,서귀포시,DC차데모+AC3상+DC콤보,50,126.9167152,33.4485529
194,공공시설,주민센터,제주시,DC차데모+AC3상+DC콤보,50,126.4581025,33.4998127
324,공공시설,지자체시설,제주시,DC차데모+AC3상+DC콤보,50,126.2681695,33.4101151
67,주차시설,공영주차장,제주시,DC차데모+AC3상+DC콤보,50,126.544151,33.5106386
30,주차시설,공영주차장,서귀포시,DC차데모+AC3상+DC콤보,50,126.2519616,33.2230511
51,관광시설,공원,제주시,DC콤보,200,126.6605408,33.4415727
50,관광시설,공원,제주시,DC콤보,200,126.6605408,33.4415727
62,상업시설,숙박시설,제주시,DC콤보,100,126.5181385,33.5188062
74,상업시설,숙박시설,서귀포시,DC차데모+AC3상+DC콤보,50,126.9110172,33.4741448
16,주차시설,공영주차장,제주시,DC콤보,200,126.2375622,33.3908635
288,공공시설,주민센터,제주시,DC차데모+AC3상+DC콤보,100,126.2960724,33.9635189
334,관광시설,홍보관,제주시,DC콤보,200,126.642888,33.541617
211,관광시설,공원,제주시,DC콤보,400,126.6177477,33.4498256
145,주차시설,공영주차장,서귀포시,DC콤보,100,126.304459,33.2986031
210,주차시설,공영주차장,제주시,DC콤보,200,126.2360604,33.3769028
54,공공시설,지자체시설,제주시,DC콤보,100,126.65348,33.41806
146,주차시설,공영주차장,서귀포시,DC콤보,100,126.304459,33.2986031
53,공공시설,지자체시설,제주시,DC콤보,100,126.65348,33.41806
232,공공시설,관공서,제주시,DC차데모+AC3상+DC콤보,100,126.5005064,33.4888623
166,공공시설,주민센터,제주시,DC콤보,200,126.3291907,33.4621468
29,공공시설,주민센터,서귀포시,DC차데모+AC3상+DC콤보,100,126.5144177,33.2478387
58,주차시설,공영주차장,제주시,DC콤보,100,126.5845337,33.52208
206,상업시설,마트(쇼핑몰),제주시,DC콤보,200,126.5290742,33.4802174
59,관광시설,공원,제주시,DC차데모+AC3상+DC콤보,100,126.7156478,33.5096823
205,상업시설,마트(쇼핑몰),제주시,DC차데모+AC3상+DC콤보,200,126.5290742,33.4802174
148,관광시설,공원,서귀포시,DC콤보,400,126.3051643,33.2974057
332,주차시설,공영주차장,제주시,DC콤보,100,126.5828073,33.5196116
348,공공시설,주민센터,서귀포시,DC콤보,100,126.6152514,33.2628169
307,공공시설,지자체시설,제주시,DC콤보,100,126.2475124,33.3180833
264,공공시설,관공서,제주시,DC콤보,200,126.4989,33.490285
204,상업시설,마트(쇼핑몰),서귀포시,DC콤보,200,126.5957295,33.262871
149,관광시설,공원,서귀포시,DC콤보,400,126.3051643,33.2974057
287,주차시설,공영주차장,제주시,DC콤보,100,126.4786352,33.4841429
60,공공시설,공공기관,서귀포시,DC차데모+AC3상+DC콤보,100,126.909649,33.4602889
203,상업시설,마트(쇼핑몰),서귀포시,DC콤보,200,126.5957295,33.262871
344,공공시설,지자체시설,제주시,DC콤보,100,126.6290217,33.4621661
207,상업시설,마트(쇼핑몰),제주시,DC콤보,200,126.5290742,33.4802174
263,공공시설,관공서,제주시,DC콤보,200,126.4989,33.490285
118,공공시설,공공기관,제주시,DC콤보,200,126.2078406,33.372279
133,주차시설,공영주차장,서귀포시,DC콤보,100,126.9323704,33.4725743
305,근린생활시설,복지관,서귀포시,DC콤보,200,126.617757,33.2579847
120,관광시설,유적지,제주시,DC콤보,200,126.6938,33.5152833
55,공공시설,지자체시설,제주시,DC콤보,100,126.65348,33.41806
12,공공시설,주민센터,제주시,DC차데모+AC3상+DC콤보,100,126.8520369,33.522567
209,주차시설,공영주차장,제주시,DC콤보,200,126.2360604,33.3769028
119,관광시설,유적지,제주시,DC콤보,200,126.6938,33.5152833
56,근린생활시설,도서관,제주시,DC콤보,200,126.8532398,33.5213339
208,관광시설,공원,서귀포시,DC차데모+AC3상+DC콤보,100,126.2734831,33.2832031
245,공공시설,관공서,제주시,DC차데모+AC3상+DC콤보,100,126.531138,33.4995679
233,근린생활시설,경찰서,제주시,DC콤보,100,126.5360002,33.5030652
253,공공시설,지자체시설,제주시,DC콤보,100,126.514302,33.4963094
57,근린생활시설,도서관,제주시,DC콤보,200,126.8532398,33.5213339
333,주차시설,공영주차장,제주시,DC콤보,100,126.5828073,33.5196116
147,주차시설,공영주차장,서귀포시,DC콤보,100,126.304459,33.2986031
262,공공시설,관공서,제주시,DC콤보,200,126.497882,33.4904509
212,관광시설,공원,제주시,DC콤보,400,126.6177477,33.4498256
47,관광시설,관광지,서귀포시,DC콤보,200,126.5844547,33.3001334
335,관광시설,홍보관,제주시,DC콤보,200,126.642888,33.541617
33,공공시설,지자체시설,서귀포시,DC콤보,100,126.2353798,33.2639012
129,주차시설,공영주차장,서귀포시,DC콤보,100,126.9323704,33.4725743
39,주차시설,공영주차장,서귀포시,DC차데모+AC3상+DC콤보,100,126.2525337,33.2238909
339,주차시설,공영주차장,서귀포시,DC차데모+AC3상+DC콤보,200,126.5612277,33.2559081
248,교육문화시설,경기장,서귀포시,DC차데모+AC3상+DC콤보,100,126.5109284,33.2477614
257,공공시설,지자체시설,서귀포시,DC콤보,200,126.4890283,33.261484
223,상업시설,주유소,서귀포시,DC콤보,100,126.7119602,33.2770781
139,주차시설,공원주차장,제주시,DC콤보,200,126.2895036,33.4425279
40,공동주택시설,아파트,제주시,DC차데모+AC3상+DC콤보,100,126.5224484,33.4949207
5,근린생활시설,보건소,제주시,DC콤보,200,126.1856471,33.3529026
222,관광시설,전시관,서귀포시,DC차데모+AC3상+DC콤보,50,126.4244429,33.2412897
140,주차시설,공원주차장,제주시,DC콤보,200,126.2895036,33.4425279
230,관광시설,전시관,제주시,DC콤보,200,126.4896861,33.45255
254,관광시설,유적지,서귀포시,DC콤보,200,126.2789521,33.2499771
303,공공시설,지자체시설,서귀포시,DC콤보,200,126.6088587,33.2972045
41,주차시설,공영주차장,제주시,DC콤보,100,126.3045107,33.3498928
221,교육문화시설,학교,제주시,DC콤보,200,126.5703876,33.4404296
224,관광시설,공원,제주시,DC차데모+AC3상+DC콤보,50,126.6255746,33.4450253
2,기타시설,기타,서귀포시,DC콤보,200,126.4776049,33.2285191
38,근린생활시설,경찰서,서귀포시,DC콤보,100,126.2560557,33.223096
9,관광시설,관광안내소,제주시,DC차데모+AC3상+DC콤보,100,126.550994,33.4222298
341,주차시설,공영주차장,서귀포시,DC콤보,200,126.5612277,33.2559081
247,공공시설,지자체시설,서귀포시,DC차데모+AC3상+DC콤보,100,126.2818297,33.2879423
34,주차시설,일반주차장,서귀포시,DC콤보,100,126.2539516,33.2233667
35,주차시설,일반주차장,서귀포시,DC콤보,100,126.2539516,33.2233667
136,관광시설,관광안내소,제주시,DC차데모+AC3상+DC콤보,100,126.6194078,33.3845019
255,관광시설,유적지,서귀포시,DC콤보,200,126.2789521,33.2499771
227,공공시설,지자체시설,제주시,DC콤보,200,126.4038749,33.4581345
302,공공시설,지자체시설,서귀포시,DC콤보,200,126.6088587,33.2972045
36,근린생활시설,수련원,서귀포시,DC콤보,100,126.2477291,33.2278859
226,공공시설,지자체시설,제주시,DC콤보,200,126.4038749,33.4581345
340,주차시설,공영주차장,서귀포시,DC콤보,200,126.5612277,33.2559081
137,주차시설,공영주차장,제주시,DC콤보,100,126.8561275,33.5246923
293,주차시설,공영주차장,서귀포시,DC차데모+AC3상+DC콤보,50,126.8234679,33.3268734
229,관광시설,전시관,제주시,DC콤보,200,126.4896861,33.45255
37,근린생활시설,수련원,서귀포시,DC콤보,100,126.2477291,33.2278859
256,공공시설,지자체시설,서귀포시,DC콤보,200,126.4890283,33.261484
225,기타시설,기타,제주시,DC차데모+AC3상+DC콤보,100,126.4038749,33.4581345
130,주차시설,공영주차장,서귀포시,DC차데모+AC3상+DC콤보,100,126.9323704,33.4725743
128,주차시설,공영주차장,서귀포시,DC차데모+AC3상+DC콤보,100,126.9323704,33.4725743
42,공공시설,지자체시설,서귀포시,DC콤보,200,126.4754532,33.2508394
338,상업시설,숙박시설,제주시,DC차데모+AC3상+DC콤보,50,126.4910318,33.4934243
216,기타시설,기타,서귀포시,DC콤보,200,126.7439798,33.3127768
336,상업시설,숙박시설,제주시,DC차데모+AC3상+DC콤보,100,126.4486604,33.4589873
143,공동주택시설,아파트,제주시,DC차데모+AC3상+DC콤보,100,126.544057,33.5047445
260,공공시설,공공기관,제주시,DC차데모+AC3상+DC콤보,100,126.5602912,33.4468357
215,기타시설,기타,서귀포시,DC콤보,200,126.7439798,33.3127768
304,근린생활시설,복지관,서귀포시,DC콤보,200,126.617757,33.2579847
289,상업시설,숙박시설,제주시,DC차데모+AC3상+DC콤보,50,126.3512544,33.4714454
231,공공시설,관공서,제주시,DC차데모+AC3상+DC콤보,100,126.4982701,33.4889944
48,관광시설,관광지,서귀포시,DC콤보,200,126.5844547,33.3001334
214,관광시설,공원,제주시,DC콤보,400,126.6177477,33.4498256
122,공공시설,지자체시설,서귀포시,DC콤보,100,126.9046015,33.4667747
49,관광시설,공원,제주시,DC차데모+AC3상+DC콤보,200,126.6605408,33.4415727
213,관광시설,공원,제주시,DC콤보,400,126.6177477,33.4498256
31,공공시설,지자체시설,서귀포시,DC차데모+AC3상+DC콤보,100,126.2353798,33.2639012
144,주차시설,공영주차장,서귀포시,DC콤보,100,126.304459,33.2986031
121,기타시설,기타,제주시,DC차데모+AC3상+DC콤보,100,126.500226,33.4844528
52,공공시설,지자체시설,제주시,DC콤보,100,126.65348,33.41806
46,관광시설,관광지,서귀포시,DC콤보,200,126.5844547,33.3001334
246,공공시설,공공기관,서귀포시,DC차데모+AC3상+DC콤보,100,126.2819717,33.2879471
32,공공시설,지자체시설,서귀포시,DC콤보,100,126.2353798,33.2639012
13,공공시설,공공기관,서귀포시,DC콤보,100,126.5074505,33.2549649
258,공공시설,지자체시설,서귀포시,DC콤보,200,126.4890283,33.261484
220,교육문화시설,학교,제주시,DC콤보,200,126.5703876,33.4404296
141,주차시설,공영주차장,서귀포시,DC차데모+AC3상+DC콤보,100,126.6224067,33.2542468
291,주차시설,공영주차장,제주시,DC콤보,100,126.8531982,33.5250801
43,공공시설,지자체시설,서귀포시,DC콤보,200,126.4754532,33.2508394
219,교육문화시설,학교,제주시,DC콤보,200,126.5703876,33.4404296
44,관광시설,관광지,서귀포시,DC차데모+AC3상+DC콤보,50,126.5847692,33.300247
218,교육문화시설,학교,제주시,DC콤보,200,126.5703876,33.4404296
261,공공시설,관공서,제주시,DC콤보,200,126.497882,33.4904509
15,주차시설,공영주차장,제주시,DC콤보,200,126.2375622,33.3908635
132,주차시설,공영주차장,서귀포시,DC콤보,100,126.9323704,33.4725743
125,공공시설,주민센터,서귀포시,DC차데모+AC3상+DC콤보,100,126.9114876,33.4428242
259,공공시설,지자체시설,서귀포시,DC콤보,200,126.4890283,33.261484
343,근린생활시설,보건소,제주시,DC차데모+AC3상+DC콤보,100,126.810257,33.4856029
45,관광시설,관광지,서귀포시,DC콤보,200,126.5844547,33.3001334
217,공공시설,공공기관,제주시,DC차데모+AC3상+DC콤보,50,126.4930852,33.507747
142,주차시설,공영주차장,제주시,DC콤보,100,126.4742734,33.4836193
123,공공시설,지자체시설,서귀포시,DC콤보,100,126.9046015,33.4667747
337,관광시설,관광지,제주시,DC차데모+AC3상+DC콤보,100,126.2375622,33.3908635
117,공공시설,공공기관,제주시,DC콤보,200,126.2078406,33.372279
114,기타시설,기타,서귀포시,DC콤보,300,126.5729732,33.2679622
331,주차시설,공영주차장,제주시,DC콤보,100,126.2583739,33.410523
311,공공시설,공공기관,제주시,DC차데모+AC3상+DC콤보,100,126.5895374,33.5143521
107,근린생활시설,경찰서,서귀포시,DC차데모+AC3상+DC콤보,100,126.5657374,33.2449618
273,공공시설,주민센터,제주시,DC콤보,200,126.6341879,33.5343999
179,공공시설,주민센터,제주시,DC콤보,100,126.5135569,33.5094569
106,교육문화시설,공연장,서귀포시,DC차데모+AC3상+DC콤보,100,126.5507911,33.2463334
85,주차시설,공영주차장,서귀포시,DC차데모+AC3상+DC콤보,100,126.3118958,33.2359297
178,공공시설,주민센터,제주시,DC콤보,100,126.5135569,33.5094569
86,공공시설,지자체시설,제주시,DC콤보,100,126.2336974,33.292681
318,교육문화시설,학교,제주시,DC차데모+AC3상+DC콤보,50,126.5616448,33.4470161
161,공공시설,지자체시설,제주시,DC콤보,200,126.4137802,33.4847428
274,공공시설,주민센터,제주시,DC콤보,200,126.6341879,33.5343999
317,공공시설,공공기관,제주시,DC콤보,200,126.592205,33.5272757
10,관광시설,공원,제주시,DC차데모+AC3상+DC콤보,100,126.6605408,33.4415727
177,공동주택시설,아파트,제주시,DC차데모+AC3상+DC콤보,100,126.4328286,33.4848916
105,공공시설,지자체시설,서귀포시,DC차데모+AC3상+DC콤보,100,126.4191596,33.3076432
7,공공시설,주민센터,제주시,DC차데모+AC3상+DC콤보,100,126.5315146,33.5150213
176,공공시설,주민센터,제주시,DC차데모+AC3상+DC콤보,100,126.4321011,33.4929788
347,공공시설,주민센터,서귀포시,DC차데모+AC3상+DC콤보,100,126.6155609,33.2633026
87,주차시설,공영주차장,제주시,DC콤보,100,126.5161975,33.4992763
346,주차시설,공영주차장,서귀포시,DC차데모+AC3상+DC콤보,50,126.4424544,33.2630979
84,주차시설,공원주차장,제주시,DC콤보,200,126.6377159,33.4343271
180,주차시설,공영주차장,제주시,DC콤보,100,126.5114,33.514892
183,공공시설,공공기관,제주시,DC콤보,200,126.8158368,33.5413669
157,공공시설,주민센터,서귀포시,DC차데모+AC3상+DC콤보,50,126.3305732,33.2576246
108,관광시설,관광지,서귀포시,DC차데모+AC3상+DC콤보,50,126.5595512,33.2447169
81,공공시설,지자체시설,제주시,DC콤보,100,126.5446836,33.5132796
182,공공시설,공공기관,제주시,DC콤보,200,126.8158368,33.5413669
24,주차시설,공영주차장,서귀포시,DC콤보,300,126.7165914,33.2788469
131,주차시설,공영주차장,서귀포시,DC콤보,100,126.9323704,33.4725743
82,주차시설,공원주차장,제주시,DC차데모+AC3상+DC콤보,200,126.6377159,33.4343271
19,주차시설,공영주차장,서귀포시,DC콤보,100,126.7183233,33.2800164
319,근린생활시설,도서관,제주시,DC차데모+AC3상+DC콤보,100,126.5161507,33.4762656
228,기타시설,기타,서귀포시,DC차데모+AC3상+DC콤보,100,126.4890283,33.261484
272,공공시설,공공기관,제주시,DC콤보,100,126.6676197,33.5377042
181,공공시설,지자체시설,제주시,DC차데모+AC3상+DC콤보,50,126.8122746,33.5424865
159,공공시설,주민센터,서귀포시,DC콤보,200,126.330668,33.257492
280,관광시설,관광지,서귀포시,DC차데모+AC3상+DC콤보,50,126.4145102,33.2461233
83,주차시설,공원주차장,제주시,DC콤보,200,126.6377159,33.4343271
238,근린생활시설,경찰서,제주시,DC콤보,100,126.4056534,33.474042
251,공공시설,지자체시설,제주시,DC콤보,100,126.514302,33.4963094
158,공공시설,주민센터,서귀포시,DC콤보,200,126.330668,33.257492
184,주차시설,공영주차장,제주시,DC콤보,100,126.4718797,33.4824916
88,공공시설,지자체시설,서귀포시,DC차데모+AC3상+DC콤보,100,126.5511958,33.2448476
162,공공시설,지자체시설,제주시,DC콤보,200,126.4137802,33.4847428
165,공공시설,주민센터,제주시,DC콤보,200,126.3291907,33.4621468
278,관광시설,관광지,서귀포시,DC차데모+AC3상+DC콤보,50,126.4145102,33.2461233
95,근린생활시설,경찰서,서귀포시,DC콤보,100,126.5085884,33.2560359
169,휴게시설,지방도로 휴게소,제주시,DC차데모+AC3상+DC콤보,100,126.4942,33.3918154
240,공공시설,공공기관,제주시,DC차데모+AC3상+DC콤보,100,126.5390674,33.5200555
250,공공시설,지자체시설,제주시,DC콤보,100,126.514302,33.4963094
96,근린생활시설,경찰서,서귀포시,DC콤보,100,126.5085884,33.2560359
242,주차시설,공영주차장,제주시,DC콤보,100,126.4748883,33.497247
170,공공시설,주민센터,서귀포시,DC콤보,100,126.2107749,33.2584129
97,기타시설,기타,서귀포시,DC차데모+AC3상+DC콤보,100,126.6072408,33.2883077
168,관광시설,공원,제주시,DC콤보,200,126.5789045,33.4404709
314,공공시설,공공기관,제주시,DC콤보,200,126.2919619,33.3399517
313,공공시설,공공기관,제주시,DC콤보,200,126.5196834,33.4876817
167,관광시설,공원,제주시,DC콤보,200,126.5789045,33.4404709
100,근린생활시설,보건소,서귀포시,DC콤보,100,126.555087,33.2533766
20,공공시설,관공서,서귀포시,DC콤보,100,126.7084388,33.2814852
99,공공시설,지자체시설,서귀포시,DC콤보,200,126.6072408,33.2883077
98,공공시설,지자체시설,서귀포시,DC콤보,200,126.6072408,33.2883077
277,관광시설,관광지,서귀포시,DC차데모+AC3상+DC콤보,50,126.4145102,33.2461233
23,주차시설,공영주차장,서귀포시,DC콤보,100,126.7165914,33.2788469
276,관광시설,관광지,서귀포시,DC차데모+AC3상+DC콤보,50,126.4145102,33.2461233
315,공공시설,공공기관,제주시,DC콤보,200,126.2919619,33.3399517
175,주차시설,공영주차장,제주시,DC콤보,100,126.4285471,33.4905977
279,관광시설,관광지,서귀포시,DC차데모+AC3상+DC콤보,50,126.4145102,33.2461233
90,공공시설,주민센터,제주시,DC차데모+AC3상+DC콤보,100,126.5855752,33.5218207
92,기타시설,기타,서귀포시,DC차데모+AC3상+DC콤보,100,126.6343686,33.316097
316,공공시설,공공기관,제주시,DC콤보,200,126.592205,33.5272757
312,공공시설,공공기관,제주시,DC콤보,200,126.5196834,33.4876817
104,공공시설,지자체시설,서귀포시,DC차데모+AC3상+DC콤보,100,126.4191596,33.3076432
275,공공시설,지자체시설,제주시,DC차데모+AC3상+DC콤보,50,126.6437192,33.5395361
164,공공시설,주민센터,제주시,DC콤보,100,126.3291907,33.4621468
173,공공시설,공공기관,제주시,DC콤보,100,126.437509,33.4866347
172,공공시설,공공기관,제주시,DC콤보,100,126.437509,33.4866347
163,근린생활시설,도서관,제주시,DC차데모+AC3상+DC콤보,100,126.3313099,33.4633234
102,주차시설,공영주차장,서귀포시,DC콤보,100,126.5886174,33.2846276
93,교육문화시설,교육원,서귀포시,DC차데모+AC3상+DC콤보,100,126.5703398,33.2512668
171,공공시설,주민센터,서귀포시,DC차데모+AC3상+DC콤보,100,126.5866437,33.2687603
94,근린생활시설,경찰서,서귀포시,DC콤보,100,126.5085884,33.2560359
22,공공시설,지자체시설,서귀포시,DC차데모+AC3상+DC콤보,50,126.7033791,33.2756827
300,기타시설,기타,서귀포시,DC차데모+AC3상+DC콤보,100,126.814413,33.354232
239,근린생활시설,경찰서,제주시,DC콤보,100,126.4056534,33.474042
271,공공시설,공공기관,제주시,DC콤보,100,126.6676197,33.5377042
237,공공시설,지자체시설,제주시,DC콤보,200,126.7789,33.562829
243,주차시설,공영주차장,제주시,DC콤보,100,126.4748883,33.497247
66,기타시설,야영장,서귀포시,DC차데모+AC3상+DC콤보,100,126.8196657,33.4060416
198,주차시설,공영주차장,제주시,DC콤보,200,126.2635872,33.3371769
152,공공시설,지자체시설,서귀포시,DC콤보,100,126.7456022,33.3211388
68,기타시설,기타,서귀포시,DC차데모+AC3상+DC콤보,100,126.198965,33.2734589
329,공공시설,지자체시설,제주시,DC콤보,400,126.2685898,33.4094259
8,공공시설,지자체시설,제주시,DC콤보,100,126.5404167,33.4997335
235,근린생활시설,경찰서,제주시,DC콤보,100,126.5360002,33.5030652
113,기타시설,기타,서귀포시,DC콤보,300,126.5729732,33.2679622
17,공공시설,관공서,제주시,DC콤보,200,126.7626785,33.5541873
267,근린생활시설,경찰서,서귀포시,DC콤보,100,126.8220153,33.3564637
69,교육문화시설,공연장,제주시,DC콤보,200,126.5348999,33.5044361
196,관광시설,관광지,서귀포시,DC콤보,200,126.8415363,33.3832875
153,주차시설,공영주차장,제주시,DC차데모+AC3상+DC콤보,50,126.5468917,33.4703446
252,공공시설,지자체시설,제주시,DC콤보,100,126.514302,33.4963094
26,공공시설,주민센터,제주시,DC차데모+AC3상+DC콤보,100,126.477175,33.483085
154,주차시설,공영주차장,제주시,DC콤보,100,126.5508351,33.4717769
70,교육문화시설,공연장,제주시,DC콤보,200,126.5348999,33.5044361
195,관광시설,관광지,서귀포시,DC콤보,200,126.8415363,33.3832875
197,근린생활시설,경찰서,제주시,DC차데모+AC3상+DC콤보,100,126.544143,33.4850593
249,공공시설,지자체시설,제주시,DC콤보,100,126.514302,33.4963094
27,관광시설,관광안내소,제주시,DC차데모+AC3상+DC콤보,100,126.4079691,33.4059502
3,기타시설,기타,서귀포시,DC콤보,200,126.4776049,33.2285191
116,기타시설,기타,서귀포시,DC콤보,300,126.5729732,33.2679622
265,관광시설,전시관,제주시,DC콤보,200,126.642888,33.541617
202,공공시설,공공기관,제주시,DC콤보,100,126.5250584,33.4908651
28,주차시설,공영주차장,서귀포시,DC콤보,100,126.5111374,33.2369692
150,관광시설,공원,서귀포시,DC콤보,400,126.3051643,33.2974057
63,관광시설,관광지,제주시,DC차데모+AC3상+DC콤보,100,126.7716157,33.5283774
201,공공시설,공공기관,제주시,DC콤보,100,126.5250584,33.4908651
115,기타시설,기타,서귀포시,DC콤보,300,126.5729732,33.2679622
199,주차시설,공영주차장,제주시,DC콤보,200,126.2635872,33.3371769
64,관광시설,전시관,서귀포시,DC콤보,200,126.3795858,33.3281448
200,공공시설,공공기관,제주시,DC콤보,100,126.5250584,33.4908651
151,관광시설,공원,서귀포시,DC콤보,400,126.3051643,33.2974057
234,근린생활시설,경찰서,제주시,DC콤보,100,126.5360002,33.5030652
308,공공시설,지자체시설,제주시,DC콤보,100,126.2475124,33.3180833
65,관광시설,전시관,서귀포시,DC콤보,200,126.3795858,33.3281448
330,근린생활시설,경찰서,제주시,DC콤보,100,126.2624944,33.4142814
283,주차시설,공영주차장,서귀포시,DC콤보,200,126.562059,33.2499092
266,관광시설,전시관,제주시,DC콤보,200,126.642888,33.541617
6,근린생활시설,보건소,제주시,DC콤보,200,126.1856471,33.3529026
71,관광시설,박물관,제주시,DC차데모+AC3상+DC콤보,100,126.5313379,33.506392
328,공공시설,지자체시설,제주시,DC콤보,400,126.2685898,33.4094259
4,관광시설,관광지,제주시,DC차데모+AC3상+DC콤보,100,126.7116361,33.4548182
236,공공시설,지자체시설,제주시,DC콤보,200,126.7789,33.562829
1,상업시설,음식점,제주시,DC차데모+AC3상+DC콤보,50,126.6697035,33.536849
326,공공시설,지자체시설,제주시,DC콤보,400,126.2685898,33.4094259
18,공공시설,관공서,제주시,DC콤보,200,126.7626785,33.5541873
270,관광시설,전시관,제주시,DC차데모+AC3상+DC콤보,100,126.2659442,33.3384775
78,관광시설,관광지,제주시,DC콤보,200,126.8112798,33.4917177
186,교육문화시설,경기장,서귀포시,DC콤보,200,126.5074318,33.2469483
156,교육문화시설,공연장,서귀포시,DC콤보,200,126.5673617,33.2525987
110,기타시설,기타,서귀포시,DC콤보,200,126.5644257,33.2395506
25,주차시설,공영주차장,제주시,DC콤보,100,126.4755832,33.4815067
79,관광시설,관광지,제주시,DC콤보,200,126.8112798,33.4917177
185,교육문화시설,경기장,서귀포시,DC콤보,200,126.5074318,33.2469483
281,공공시설,공공기관,서귀포시,DC콤보,100,126.43804,33.2541767
134,공공시설,지자체시설,서귀포시,DC콤보,100,126.7943,33.383441
80,공공시설,지자체시설,제주시,DC콤보,100,126.5446836,33.5132796
11,기타시설,야영장,제주시,DC콤보,100,126.6672522,33.4402439
109,기타시설,기타,서귀포시,DC콤보,200,126.5644257,33.2395506
320,관광시설,공원,제주시,DC차데모+AC3상+DC콤보,100,126.5964033,33.4307743
310,공공시설,공공기관,제주시,DC차데모+AC3상+DC콤보,100,126.5895374,33.5143521
135,관광시설,민속마을,서귀포시,DC차데모+AC3상+DC콤보,100,126.8013996,33.3844608
187,교육문화시설,경기장,서귀포시,DC콤보,200,126.5074318,33.2469483
77,관광시설,전시관,제주시,DC차데모+AC3상+DC콤보,100,126.688649,33.5460288
244,공공시설,지자체시설,제주시,DC차데모+AC3상+DC콤보,50,126.6501418,33.4996252
268,근린생활시설,경찰서,서귀포시,DC콤보,100,126.8220153,33.3564637
192,공공시설,주민센터,제주시,DC콤보,200,126.4030309,33.4414221
72,관광시설,공원,제주시,DC차데모+AC3상+DC콤보,50,126.5492077,33.4445768
191,공공시설,주민센터,제주시,DC콤보,200,126.4030309,33.4414221
309,기타시설,기타,제주시,DC차데모+AC3상+DC콤보,100,126.1845301,33.3015229
112,기타시설,기타,서귀포시,DC콤보,100,126.5729732,33.2679622
73,기타시설,기타,서귀포시,DC차데모+AC3상+DC콤보,100,126.5916245,33.2426243
327,공공시설,지자체시설,제주시,DC콤보,400,126.2685898,33.4094259
282,주차시설,공영주차장,서귀포시,DC콤보,200,126.562059,33.2499092
269,근린생활시설,경찰서,제주시,DC콤보,100,126.5018584,33.5144164
75,공공시설,주민센터,제주시,DC차데모+AC3상+DC콤보,100,126.5947311,33.491666
190,공공시설,지자체시설,서귀포시,DC차데모+AC3상+DC콤보,50,126.6576797,33.2898164
111,기타시설,기타,서귀포시,DC콤보,100,126.5729732,33.2679622
345,공공시설,지자체시설,제주시,DC콤보,100,126.6290217,33.4621661
76,주차시설,공영주차장,제주시,DC차데모+AC3상+DC콤보,100,126.5953381,33.490483
188,교육문화시설,경기장,서귀포시,DC콤보,200,126.5074318,33.2469483
155,교육문화시설,공연장,서귀포시,DC콤보,200,126.5673617,33.2525987
294,공공시설,주민센터,서귀포시,DC차데모+AC3상+DC콤보,100,126.8310535,33.3266598
61,공공시설,주민센터,서귀포시,DC차데모+AC3상+DC콤보,100,126.5689192,33.2578209
349,공공시설,주민센터,서귀포시,DC콤보,100,126.6152514,33.2628169
