위도,경도,station_name,charger_count,match_dist_m
33.2230511,126.2519616,대정감협 인근 공영주차장,1,36.1
33.223096,126.2560557,대정파출소,1,9.8
33.2233667,126.2539516,대정읍 노외4주차장,2,19.3
33.2238909,126.2525337,대정하모3공영주차장,1,9.7
33.2278859,126.2477291,대정청소년수련관,2,31.7
33.2285191,126.4776049,워터 제주 서귀포강정크루즈터미널,2,57.5
33.2359297,126.3118958,산방산,1,19.4
33.2369692,126.5111374,대륜 공영노외2주차장,1,8.0
33.2395506,126.5644257,서귀포항 해운항만과 사무실,2,7.4
33.2412897,126.4244429,ICC제주국제컨벤션센터 B1,1,85.8
33.2426243,126.5916245,보목하수처리장,1,21.9
33.2436479,126.5628487,서귀포성당 뒤 주차장,1,17.4
33.2447042,126.559762,천지연폭포주차장 #1,2,19.7
33.2447169,126.5595512,천지연폭포주차장 #2,1,0.0
33.2448476,126.5511958,서귀포 예술의전당 #1,1,69.6
33.2449618,126.5657374,송산동주민센터,1,30.2
33.2461233,126.4145102,중문 관광단지,5,17.4
33.2462717,126.3352105,안덕우체국 뒤 주차장,1,28.7
33.2463334,126.5507911,서귀포 예술의전당 #2,1,147.1
33.2469483,126.5074318,월드컵경기장,4,53.9
33.2477614,126.5109284,제주월드컵경기장,2,32.5
33.2478387,126.5144177,천주교제주교구새서귀포성당,1,70.2
33.2498541,126.5621745,중앙공영주차장(우리은행 서귀포점 인근 공영주차장) #1,1,1.1
33.2499092,126.562059,중앙공영주차장(우리은행 서귀포점 인근 공영주차장) #2,2,11.2
33.2499771,126.2789521,세계유산본부,2,65.1
33.250149,126.5632305,서귀포시 매일시장 공영주차장,1,0.0
33.2508394,126.4754532,도순마을회관,2,23.5
33.2512668,126.5703398,서귀포 자기주도학습지원센터,1,29.1
33.2520853,126.515675,국토교통인재개발원 인근 공영주차장,1,2.6
33.2525987,126.5673617,아시아CGI애니메이션센터,2,35.5
33.2533766,126.555087,서귀포보건소,1,57.8
33.2541767,126.43804,주식회사일레인,1,104.2
33.2542468,126.6224067,쇠소깍 공영주차장,1,47.4
33.2549649,126.5074505,국민건강보험공단 서귀포지사,1,11.5
33.2559081,126.5612277,홍로공영주차장,3,45.8
33.2560359,126.5085884,서귀포경찰서,3,56.3
33.257492,126.330668,안덕면사무소 #1,2,9.2
33.2576246,126.3305732,안덕면사무소 #2,1,18.0
33.2578209,126.5689192,동홍동 주민센터,1,25.5
33.2579847,126.617757,하효마을다목적회관,2,23.1
33.2584129,126.2107749,영락리사무소,1,19.9
33.261484,126.4890283,농업기술원,5,4.0
33.2628169,126.6152514,효돈동주민센터 앞 주차장,2,7.2
33.262871,126.5957295,제주 제스코마트 서귀포점,2,6.7
33.2630979,126.4424544,회수사거리 인근 공영주차장,1,13.3
33.2633026,126.6155609,효돈동주민센터,1,10.3
33.2639012,126.2353798,대정문화체육센터,3,81.6
33.2679622,126.5729732,서귀포향토오일시장,6,25.0
33.2687603,126.5866437,영천동 주민센터,1,18.9
33.2734589,126.198965,무릉문화의집,1,21.7
33.2756827,126.7033791,남원읍동부보건소,1,11.7
33.2770781,126.7119602,제주남원동부 새마을금고주유소,1,27.8
33.2788008,126.7213532,남원읍 공영주차장,1,44.0
33.2788469,126.7165914,남원중앙동공영주차장,2,27.3
33.2800164,126.7183233,남원 공영노외1주차장,1,25.7
33.2814852,126.7084388,남원119센터,1,15.8
33.2832031,126.2734831,제주 곶자왈 도립공원입구,1,73.2
33.2846276,126.5886174,서귀포시 교통행정과(공영버스 차고지),1,41.2
33.2879423,126.2818297,영어교육도시지원사무소 #1,1,0.0
33.2879471,126.2819717,영어교육도시지원사무소 #2,1,13.2
33.2883077,126.6072408,서귀포농업기술센터,3,77.6
33.2898164,126.6576797,위미의례회관,1,22.9
33.292681,126.2336974,산양리 다목적회관,1,35.0
33.2972045,126.6088587,하례2리 마을회,2,7.5
33.2974057,126.3051643,신화역사공원 조성사업,4,159.8
33.2986031,126.304459,서귀포시 주차시설 충전소,4,271.9
33.3001334,126.5844547,돈내코유원지 주차장,4,34.7
33.300247,126.5847692,돈내코야영장,1,8.8
33.3015229,126.1845301,한경체육관,1,41.2
33.3076432,126.4191596,서귀포쓰레기위생매립장,2,50.0
33.3127768,126.7439798,제주감귤농협유통사업단(2유통센터),2,70.7
33.316097,126.6343686,생물종다양성연구소,1,75.3
33.3180833,126.2475124,한경면(청수리)청수마을회관,2,33.2
33.3211388,126.7456022,신흥2리마을회,1,7.8
33.32477,126.8435134,해비치호텔앤드리조트 제주,5,64.8
33.3266598,126.8310535,표선 공영주차장,1,55.0
33.3268734,126.8234679,표선 의례회관 앞 공영주차장,1,46.0
33.3281448,126.3795858,메밀가공시설,2,14.1
33.3371769,126.2635872,저지 다온빌라 공용주차장,2,51.0
33.3384775,126.2659442,제주현대미술관,1,29.7
33.3399517,126.2919619,한국중부발전㈜ 상명풍력발전소,2,11.8
33.3498642,126.1844735,한경면사무소,1,41.9
33.3498928,126.3045107,도로 주차장,1,60.2
33.3529026,126.1856471,건강쉼터,2,17.9
33.354232,126.814413,표선생활체육관,1,115.8
33.3564637,126.8220153,제주해안경비단,2,91.9
33.372279,126.2078406,서부하수처리장,2,38.1
33.3769028,126.2360604,제주청소년수련원,2,71.9
33.3832875,126.8415363,일출랜드,2,194.9
33.383441,126.7943,성읍119지역센터,1,0.1
33.3844608,126.8013996,성읍민속마을주차장,1,13.3
33.3845019,126.6194078,성판악,1,99.8
33.3908635,126.2375622,금능해수욕장 주차장,4,7.9
33.3918154,126.4942,어리목휴게소,1,37.2
33.4059502,126.4079691,녹고뫼안트레안내센터,1,79.3
33.4060416,126.8196657,모구리야영장,1,106.1
33.4094259,126.2685898,한림체육관,4,88.0
33.4101151,126.2681695,한림읍사무소,3,113.7
33.410523,126.2583739,한림항 주차장,1,13.9
33.4142814,126.2624944,한림파출소,1,5.2
33.41806,126.65348,성판악 공영주차장,4,0.6
33.4222298,126.550994,관음사지구안내소,1,24.2
33.4307743,126.5964033,한라생태숲,1,79.9
33.4343271,126.6377159,사려니숲길 주차장,3,18.4
33.4402439,126.6672522,교래자연휴양림,1,14.6
33.4404296,126.5703876,제주국제대학교,4,169.9
33.4404709,126.5789045,양지공원,2,70.8
33.4414221,126.4030309,유수암리사무소,2,13.1
33.4415727,126.6605408,제주시 관광시설 충전소 #1,4,601.0
33.4425279,126.2895036,소공원 주차장,2,26.9
33.4428242,126.9114876,성산읍사무소(서귀포),1,0.0
33.4445768,126.5492077,별빛누리공원 주차장_전기차량 충전소,1,2.0
33.4450253,126.6255746,제주노루생태공원,1,180.5
33.4468357,126.5602912,인재개발원,1,51.3
33.4470161,126.5616448,한국폴리텍대학 제주캠퍼스,1,66.6
33.4485529,126.9167152,제주룩스호텔,1,69.0
33.4497752,126.345658,제주시 공공시설 충전소 #1,1,339.2
33.4498256,126.6177477,제주시 관광시설 충전소 #2,4,346.3
33.45255,126.4896861,제주도립미술관,2,144.5
33.4548182,126.7116361,거문오름,1,15.9
33.4581345,126.4038749,제주농업기술센터,3,23.7
33.4589873,126.4486604,해군호텔,1,63.5
33.4602889,126.909649,동부소방서,1,44.2
33.4621468,126.3291907,애월읍사무소,3,53.0
33.4621661,126.6290217,제주환경사무소,2,28.5
33.4626034,126.9353337,성산일출봉 주차장,2,0.0
33.4633234,126.3313099,애월도서관,1,63.0
33.4667747,126.9046015,성산읍사무소 임시청사,2,142.6
33.4697409,126.4921379,한라수목원(자연생태학습관),1,103.6
33.4703446,126.5468917,아라지구 공영주차장,1,2.1
33.4714454,126.3512544,클럽다인리조트,1,33.9
33.4717769,126.5508351,아라지구2 공영주차장,1,26.2
33.4725743,126.9323704,성산항 공영주차장,6,26.6
33.474042,126.4056534,서부경찰서,2,58.2
33.4741448,126.9110172,아름다운리조트,1,158.7
33.4762656,126.5161507,한라도서관,1,131.3
33.4802174,126.5290742,제주 제스코마트 제주점,3,60.6
33.4815067,126.4755832,노형2지구 공영주차장,1,24.5
33.4824916,126.4718797,웅전공영주차장,1,25.2
33.483085,126.477175,노형주민센터,1,0.0
33.4836193,126.4742734,수덕공영주차장,1,17.4
33.4841429,126.4786352,초남 공영주차장,1,2.5
33.4844528,126.500226,설문대여성문화센터,1,64.6
33.4847428,126.4137802,애월국민체육센터,2,54.3
33.4848916,126.4328286,제주 외도2차부영,1,75.9
33.4850593,126.544143,자치경찰단,1,22.2
33.4856029,126.810257,환경성질환예방관리센터,1,120.3
33.4858471,126.4138809,하귀1리공영주차장,1,49.0
33.4866347,126.437509,외도119센터,2,33.9
33.4876817,126.5196834,한국산업인력공단 제주지사,2,29.1
33.4888623,126.5005064,제주도청2청사,1,20.3
33.4889944,126.4982701,제주도청(후문),1,47.9
33.4899163,126.4325807,외도재영샤르빌,1,38.3
33.490285,126.4989,소방안전본부,2,25.1
33.4904509,126.497882,제주도교육청,2,13.0
33.490483,126.5953381,봉개동공영주차장,1,28.5
33.4905977,126.4285471,외도구획정리지구1 공영주차장,1,26.0
33.4908651,126.5250584,정부제주지방합동청사_옥외주차장,3,0.0
33.4916249,126.5442796,탐라중학교 공영주차장,1,43.7
33.491666,126.5947311,봉개동 주민센터,1,23.3
33.4917177,126.8112798,비자림,2,15.9
33.4929788,126.4321011,외도동주민센터,1,24.8
33.4934243,126.4910318,호텔시리우스,1,6.9
33.4949207,126.5224484,도남 e편한세상,1,5.5
33.4963094,126.514302,제주시 공공시설 충전소 #2,5,221.7
33.497247,126.4748883,제주시 민속오일시장 6주차장(오일시장 일대 공영주차장),3,88.6
33.4992763,126.5161975,삼도일동 공영주차장,1,24.9
33.4995679,126.531138,제주시청 직장어린이집,1,0.0
33.4996252,126.6501418,제주도 상하수도본부,1,13.8
33.4997335,126.5404167,경제통상진흥원,1,65.4
33.4998127,126.4581025,이호동주민센터,1,20.5
33.5030652,126.5360002,동부경찰서,3,6.4
33.5044361,126.5348999,문화예술진흥원,2,98.1
33.5045996,126.5303837,삼성혈 인근 공영주차장,1,15.8
33.5047445,126.544057,신천지아파트,1,27.0
33.506392,126.5313379,민속자연사박물관,1,110.8
33.5068505,126.526896,이도1동주민센터,1,0.0
33.507747,126.4930852,제주국제공항 행사주차장,1,188.8
33.5094569,126.5135569,용담1동주민센터,2,26.8
33.5096823,126.7156478,워터 제주 동백동산탐방안내소주차장,1,48.6
33.5106386,126.544151,일도이동공영주차장,1,27.9
33.5132796,126.5446836,사라봉다목적체육관(제주),2,52.6
33.5143521,126.5895374,한국교통안전공단제주자동차검사소,2,17.2
33.5144164,126.5018584,제주해안경비단 1경비대,1,44.3
33.514892,126.5114,용두암 공영주차장,1,17.3
33.5150213,126.5315146,건입동주민센터,1,8.9
33.5152833,126.6938,선흘리 낙선동4.3 유적지,2,20.4
33.5188062,126.5181385,쉐라톤제주,1,0.0
33.5196116,126.5828073,한샘어린이집 맞은편 공영주차장,2,22.3
33.5200555,126.5390674,제주소방서 항만119센터,1,30.3
33.5204366,126.5653952,화북동주민센터,1,33.5
33.5213339,126.8532398,동녘도서관,2,149.7
33.5218207,126.5855752,삼양동주민센터,1,22.9
33.52208,126.5845337,동명아파트북측공영주차장,1,2.5
33.522567,126.8520369,구좌읍주민센터,1,4.5
33.5246923,126.8561275,세화리 공영주차장,1,1.0
33.5250618,126.8564138,세화민속오일장 인근 주차장 (오일장 인근 주차장),1,1.8
33.5250801,126.8531982,평대리 공영주차장,1,17.6
33.5272757,126.592205,한국중부발전㈜ 제주화력본부 사택,2,39.3
33.5283774,126.7716157,만장굴관리소,1,21.9
33.5343999,126.6341879,조천읍사무소,2,39.2
33.536849,126.6697035,㈜행운식품,1,21.9
33.5377042,126.6676197,조천도서관,2,47.9
33.5395361,126.6437192,조천체육관,1,30.7
33.5413669,126.8158368,용암해수산업화지원센터 2호관,2,32.2
33.541617,126.642888,조천 항일기념관,4,25.0
33.5424865,126.8122746,한국해양과학기술원 제주연구소 후문주차장,1,94.3
33.5460288,126.688649,북촌 너븐숭이4.3 기념관,1,26.2
33.5541873,126.7626785,김녕119지역센터,2,30.3
33.562829,126.7789,제주동부하수처리장,2,82.4
33.9635189,126.2960724,추자면사무소,1,22.5
